{
  "featureMean": [
    1.4052717685699463,
    1.4019769430160522,
    0.05271828547120094,
    1.1894563436508179,
    0.7092256546020508,
    2.6869852542877197
  ],
  "featureStd": [
    0.6915626525878906,
    0.7848625779151917,
    0.32550308108329773,
    0.6534820199012756,
    0.40675583481788635,
    4.438584804534912
  ],
  "targetMean": 112297.8671875,
  "targetStd": 70898.7890625
}